district_name,pop6_2027,pop6_2028,pop6_2029,pop6_2030
Nyarugenge,"9,321","9,625","9,909","10,166"
Gasabo,"26,580","28,106","29,632","31,133"
Kicukiro,"12,879","13,529","14,172","14,794"
Bugesera,"17,118","17,772","18,512","19,337"
Burera,"9,779","9,752","9,836","10,024"
Gakenke,"8,005","7,926","7,939","8,036"
Gatsibo,"15,432","15,734","16,098","16,517"
Gicumbi,"10,345","10,290","10,357","10,531"
Gisagara,"9,860","9,905","9,984","10,090"
Huye,"8,654","8,633","8,638","8,666"
Kamonyi,"11,234","11,352","11,510","11,699"
Karongi,"8,496","8,338","8,255","8,255"
Kayonza,"12,860","13,172","13,537","13,953"
Kirehe,"12,954","13,294","13,691","14,142"
Muhanga,"7,674","7,627","7,604","7,601"
Musanze,"11,736","11,829","12,060","12,424"
Ngoma,"10,374","10,515","10,696","10,912"
Ngororero,"8,641","8,468","8,372","8,357"
Nyabihu,"6,986","6,833","6,743","6,721"
Nyagatare,"19,583","20,165","20,837","21,592"
Nyamagabe,"7,874","7,805","7,761","7,739"
Nyamasheke,"10,635","10,453","10,362","10,377"
Nyanza,"8,553","8,515","8,503","8,515"
Nyaruguru,"7,752","7,682","7,639","7,613"
Rubavu,"14,665","14,663","14,784","15,048"
Ruhango,"8,161","8,118","8,103","8,108"
Rulindo,"9,040","9,081","9,227","9,473"
Rusizi,"12,249","12,113","12,085","12,174"
Rutsiro,"8,493","8,344","8,272","8,279"
Rwamagana,"13,900","14,442","15,057","15,743"
